system:index,date,path,row,sat,.geo
1_1_LT05_119038_19840516,1984-05-16,119.0,38.0,LANDSAT_5,
1_1_LT05_119038_19840804,1984-08-04,119.0,38.0,LANDSAT_5,
1_1_LT05_119038_19840905,1984-09-05,119.0,38.0,LANDSAT_5,
1_1_LT05_118038_19840914,1984-09-14,118.0,38.0,LANDSAT_5,
1_1_LT05_119038_19840921,1984-09-21,119.0,38.0,LANDSAT_5,
1_1_LT05_119038_19841023,1984-10-23,119.0,38.0,LANDSAT_5,
1_1_LT05_119038_19850111,1985-01-11,119.0,38.0,LANDSAT_5,
1_1_LT05_119038_19850401,1985-04-01,119.0,38.0,LANDSAT_5,
1_1_LT05_119038_19850417,1985-04-17,119.0,38.0,LANDSAT_5,
1_1_LT05_119038_19850722,1985-07-22,119.0,38.0,LANDSAT_5,
1_1_LT05_119038_19850807,1985-08-07,119.0,38.0,LANDSAT_5,
1_1_LT05_119038_19850924,1985-09-24,119.0,38.0,LANDSAT_5,
1_1_LT05_119038_19860215,1986-02-15,119.0,38.0,LANDSAT_5,
1_1_LT05_119038_19860303,1986-03-03,119.0,38.0,LANDSAT_5,
1_1_LT05_119038_19860420,1986-04-20,119.0,38.0,LANDSAT_5,
1_1_LT05_118038_19860515,1986-05-15,118.0,38.0,LANDSAT_5,
1_1_LT05_119038_19860522,1986-05-22,119.0,38.0,LANDSAT_5,
1_1_LT05_118038_19860531,1986-05-31,118.0,38.0,LANDSAT_5,
1_1_LT05_119038_19860607,1986-06-07,119.0,38.0,LANDSAT_5,
1_1_LT05_118038_19860718,1986-07-18,118.0,38.0,LANDSAT_5,
1_1_LT05_119038_19860725,1986-07-25,119.0,38.0,LANDSAT_5,
1_1_LT05_119038_19861013,1986-10-13,119.0,38.0,LANDSAT_5,
1_1_LT05_119038_19861029,1986-10-29,119.0,38.0,LANDSAT_5,
1_1_LT05_119038_19870117,1987-01-17,119.0,38.0,LANDSAT_5,
1_1_LT05_119038_19870202,1987-02-02,119.0,38.0,LANDSAT_5,
1_1_LT05_119038_19870423,1987-04-23,119.0,38.0,LANDSAT_5,
1_1_LT05_119038_19870509,1987-05-09,119.0,38.0,LANDSAT_5,
1_1_LT05_119038_19870610,1987-06-10,119.0,38.0,LANDSAT_5,
1_1_LT05_119038_19870626,1987-06-26,119.0,38.0,LANDSAT_5,
1_1_LT05_119038_19870712,1987-07-12,119.0,38.0,LANDSAT_5,
1_1_LT05_119038_19870914,1987-09-14,119.0,38.0,LANDSAT_5,
1_1_LT05_119038_19870930,1987-09-30,119.0,38.0,LANDSAT_5,
1_1_LT05_119038_19871219,1987-12-19,119.0,38.0,LANDSAT_5,
1_1_LT05_119038_19880120,1988-01-20,119.0,38.0,LANDSAT_5,
1_1_LT05_119038_19880205,1988-02-05,119.0,38.0,LANDSAT_5,
1_1_LT05_119038_19880308,1988-03-08,119.0,38.0,LANDSAT_5,
1_1_LT05_119038_19880409,1988-04-09,119.0,38.0,LANDSAT_5,
1_1_LT05_119038_19880425,1988-04-25,119.0,38.0,LANDSAT_5,
1_1_LT05_119038_19880714,1988-07-14,119.0,38.0,LANDSAT_5,
1_1_LT05_119038_19880815,1988-08-15,119.0,38.0,LANDSAT_5,
1_1_LT05_119038_19880916,1988-09-16,119.0,38.0,LANDSAT_5,
1_1_LT05_119038_19881103,1988-11-03,119.0,38.0,LANDSAT_5,
1_1_LT05_119038_19881119,1988-11-19,119.0,38.0,LANDSAT_5,
1_1_LT05_119038_19881205,1988-12-05,119.0,38.0,LANDSAT_5,
1_1_LT05_119038_19881221,1988-12-21,119.0,38.0,LANDSAT_5,
1_1_LT05_119038_19890327,1989-03-27,119.0,38.0,LANDSAT_5,
1_1_LT05_119038_19890514,1989-05-14,119.0,38.0,LANDSAT_5,
1_1_LT05_119038_19890530,1989-05-30,119.0,38.0,LANDSAT_5,
1_1_LT05_119038_19890717,1989-07-17,119.0,38.0,LANDSAT_5,
1_1_LT05_119038_19890802,1989-08-02,119.0,38.0,LANDSAT_5,
1_1_LT05_118038_19890811,1989-08-11,118.0,38.0,LANDSAT_5,
1_1_LT05_119038_19890818,1989-08-18,119.0,38.0,LANDSAT_5,
1_1_LT05_119038_19890919,1989-09-19,119.0,38.0,LANDSAT_5,
1_1_LT05_118038_19891014,1989-10-14,118.0,38.0,LANDSAT_5,
1_1_LT05_119038_19891021,1989-10-21,119.0,38.0,LANDSAT_5,
1_1_LT05_119038_19891122,1989-11-22,119.0,38.0,LANDSAT_5,
1_1_LT05_118038_19891201,1989-12-01,118.0,38.0,LANDSAT_5,
1_1_LT05_119038_19891208,1989-12-08,119.0,38.0,LANDSAT_5,
1_1_LT05_118038_19900102,1990-01-02,118.0,38.0,LANDSAT_5,
1_1_LT05_119038_19900226,1990-02-26,119.0,38.0,LANDSAT_5,
1_1_LT05_118038_19900307,1990-03-07,118.0,38.0,LANDSAT_5,
1_1_LT05_119038_19900415,1990-04-15,119.0,38.0,LANDSAT_5,
1_1_LT05_119038_19900602,1990-06-02,119.0,38.0,LANDSAT_5,
1_1_LT05_119038_19900618,1990-06-18,119.0,38.0,LANDSAT_5,
1_1_LT05_119038_19900720,1990-07-20,119.0,38.0,LANDSAT_5,
1_1_LT05_119038_19901008,1990-10-08,119.0,38.0,LANDSAT_5,
1_1_LT05_119038_19901125,1990-11-25,119.0,38.0,LANDSAT_5,
1_1_LT05_119038_19901211,1990-12-11,119.0,38.0,LANDSAT_5,
1_1_LT05_119038_19910112,1991-01-12,119.0,38.0,LANDSAT_5,
1_1_LT05_119038_19910317,1991-03-17,119.0,38.0,LANDSAT_5,
1_1_LT05_119038_19910402,1991-04-02,119.0,38.0,LANDSAT_5,
1_1_LT05_119038_19910520,1991-05-20,119.0,38.0,LANDSAT_5,
1_1_LT05_119038_19910621,1991-06-21,119.0,38.0,LANDSAT_5,
1_1_LT05_118038_19910630,1991-06-30,118.0,38.0,LANDSAT_5,
1_1_LT05_118038_19910716,1991-07-16,118.0,38.0,LANDSAT_5,
1_1_LT05_119038_19910723,1991-07-23,119.0,38.0,LANDSAT_5,
1_1_LT05_119038_19910824,1991-08-24,119.0,38.0,LANDSAT_5,
1_1_LT05_119038_19910909,1991-09-09,119.0,38.0,LANDSAT_5,
1_1_LT05_119038_19911011,1991-10-11,119.0,38.0,LANDSAT_5,
1_1_LT05_118038_19911020,1991-10-20,118.0,38.0,LANDSAT_5,
1_1_LT05_119038_19911027,1991-10-27,119.0,38.0,LANDSAT_5,
1_1_LT05_119038_19911112,1991-11-12,119.0,38.0,LANDSAT_5,
1_1_LT05_119038_19911214,1991-12-14,119.0,38.0,LANDSAT_5,
1_1_LT05_119038_19920115,1992-01-15,119.0,38.0,LANDSAT_5,
1_1_LT05_119038_19920216,1992-02-16,119.0,38.0,LANDSAT_5,
1_1_LT05_119038_19920404,1992-04-04,119.0,38.0,LANDSAT_5,
1_1_LT05_118038_19920413,1992-04-13,118.0,38.0,LANDSAT_5,
1_1_LT05_119038_19920420,1992-04-20,119.0,38.0,LANDSAT_5,
1_1_LT05_119038_19920506,1992-05-06,119.0,38.0,LANDSAT_5,
1_1_LT05_119038_19920522,1992-05-22,119.0,38.0,LANDSAT_5,
1_1_LT05_118038_19920531,1992-05-31,118.0,38.0,LANDSAT_5,
1_1_LT05_119038_19920607,1992-06-07,119.0,38.0,LANDSAT_5,
1_1_LT05_119038_19920709,1992-07-09,119.0,38.0,LANDSAT_5,
1_1_LT05_118038_19920718,1992-07-18,118.0,38.0,LANDSAT_5,
1_1_LT05_119038_19920725,1992-07-25,119.0,38.0,LANDSAT_5,
1_1_LT05_118038_19920803,1992-08-03,118.0,38.0,LANDSAT_5,
1_1_LT05_119038_19920810,1992-08-10,119.0,38.0,LANDSAT_5,
1_1_LT05_118038_19920904,1992-09-04,118.0,38.0,LANDSAT_5,
1_1_LT05_119038_19920911,1992-09-11,119.0,38.0,LANDSAT_5,
1_1_LT05_119038_19920927,1992-09-27,119.0,38.0,LANDSAT_5,
1_1_LT05_119038_19921013,1992-10-13,119.0,38.0,LANDSAT_5,
1_1_LT05_118038_19921022,1992-10-22,118.0,38.0,LANDSAT_5,
1_1_LT05_119038_19921029,1992-10-29,119.0,38.0,LANDSAT_5,
1_1_LT05_119038_19921114,1992-11-14,119.0,38.0,LANDSAT_5,
1_1_LT05_119038_19921130,1992-11-30,119.0,38.0,LANDSAT_5,
1_1_LT05_119038_19921216,1992-12-16,119.0,38.0,LANDSAT_5,
1_1_LT05_119038_19930117,1993-01-17,119.0,38.0,LANDSAT_5,
1_1_LT05_119038_19930202,1993-02-02,119.0,38.0,LANDSAT_5,
1_1_LT05_119038_19930407,1993-04-07,119.0,38.0,LANDSAT_5,
1_1_LT05_119038_19930423,1993-04-23,119.0,38.0,LANDSAT_5,
1_1_LT05_119038_19930525,1993-05-25,119.0,38.0,LANDSAT_5,
1_1_LT05_119038_19930610,1993-06-10,119.0,38.0,LANDSAT_5,
1_1_LT05_119038_19930626,1993-06-26,119.0,38.0,LANDSAT_5,
1_1_LT05_119038_19930712,1993-07-12,119.0,38.0,LANDSAT_5,
1_1_LT05_119038_19930728,1993-07-28,119.0,38.0,LANDSAT_5,
1_1_LT05_119038_19930930,1993-09-30,119.0,38.0,LANDSAT_5,
1_1_LT05_119038_19931101,1993-11-01,119.0,38.0,LANDSAT_5,
1_1_LT05_119038_19931219,1993-12-19,119.0,38.0,LANDSAT_5,
1_1_LT05_119038_19940104,1994-01-04,119.0,38.0,LANDSAT_5,
1_1_LT05_119038_19940120,1994-01-20,119.0,38.0,LANDSAT_5,
1_1_LT05_119038_19940325,1994-03-25,119.0,38.0,LANDSAT_5,
1_1_LT05_118038_19940505,1994-05-05,118.0,38.0,LANDSAT_5,
1_1_LT05_119038_19940512,1994-05-12,119.0,38.0,LANDSAT_5,
1_1_LT05_119038_19940528,1994-05-28,119.0,38.0,LANDSAT_5,
1_1_LT05_119038_19940715,1994-07-15,119.0,38.0,LANDSAT_5,
1_1_LT05_119038_19940901,1994-09-01,119.0,38.0,LANDSAT_5,
1_1_LT05_118038_19940926,1994-09-26,118.0,38.0,LANDSAT_5,
1_1_LT05_119038_19941003,1994-10-03,119.0,38.0,LANDSAT_5,
1_1_LT05_119038_19941104,1994-11-04,119.0,38.0,LANDSAT_5,
1_1_LT05_119038_19941206,1994-12-06,119.0,38.0,LANDSAT_5,
1_1_LT05_119038_19941222,1994-12-22,119.0,38.0,LANDSAT_5,
1_1_LT05_119038_19950107,1995-01-07,119.0,38.0,LANDSAT_5,
1_1_LT05_119038_19950224,1995-02-24,119.0,38.0,LANDSAT_5,
1_1_LT05_119038_19950312,1995-03-12,119.0,38.0,LANDSAT_5,
1_1_LT05_119038_19950515,1995-05-15,119.0,38.0,LANDSAT_5,
1_1_LT05_119038_19950718,1995-07-18,119.0,38.0,LANDSAT_5,
1_1_LT05_118038_19950727,1995-07-27,118.0,38.0,LANDSAT_5,
1_1_LT05_119038_19950803,1995-08-03,119.0,38.0,LANDSAT_5,
1_1_LT05_118038_19950812,1995-08-12,118.0,38.0,LANDSAT_5,
1_1_LT05_119038_19950819,1995-08-19,119.0,38.0,LANDSAT_5,
1_1_LT05_119038_19950904,1995-09-04,119.0,38.0,LANDSAT_5,
1_1_LT05_118038_19951015,1995-10-15,118.0,38.0,LANDSAT_5,
1_1_LT05_119038_19951022,1995-10-22,119.0,38.0,LANDSAT_5,
1_1_LT05_119038_19951107,1995-11-07,119.0,38.0,LANDSAT_5,
1_1_LT05_119038_19951123,1995-11-23,119.0,38.0,LANDSAT_5,
1_1_LT05_119038_19951209,1995-12-09,119.0,38.0,LANDSAT_5,
1_1_LT05_119038_19951225,1995-12-25,119.0,38.0,LANDSAT_5,
1_1_LT05_119038_19960110,1996-01-10,119.0,38.0,LANDSAT_5,
1_1_LT05_119038_19960211,1996-02-11,119.0,38.0,LANDSAT_5,
1_1_LT05_119038_19960501,1996-05-01,119.0,38.0,LANDSAT_5,
1_1_LT05_119038_19960517,1996-05-17,119.0,38.0,LANDSAT_5,
1_1_LT05_119038_19960602,1996-06-02,119.0,38.0,LANDSAT_5,
1_1_LT05_119038_19960618,1996-06-18,119.0,38.0,LANDSAT_5,
1_1_LT05_119038_19960720,1996-07-20,119.0,38.0,LANDSAT_5,
1_1_LT05_119038_19960821,1996-08-21,119.0,38.0,LANDSAT_5,
1_1_LT05_119038_19960906,1996-09-06,119.0,38.0,LANDSAT_5,
1_1_LT05_119038_19960922,1996-09-22,119.0,38.0,LANDSAT_5,
1_1_LT05_119038_19961125,1996-11-25,119.0,38.0,LANDSAT_5,
1_1_LT05_119038_19961211,1996-12-11,119.0,38.0,LANDSAT_5,
1_1_LT05_119038_19961227,1996-12-27,119.0,38.0,LANDSAT_5,
1_1_LT05_119038_19970112,1997-01-12,119.0,38.0,LANDSAT_5,
1_1_LT05_119038_19970128,1997-01-28,119.0,38.0,LANDSAT_5,
1_1_LT05_119038_19970213,1997-02-13,119.0,38.0,LANDSAT_5,
1_1_LT05_119038_19970301,1997-03-01,119.0,38.0,LANDSAT_5,
1_1_LT05_119038_19970504,1997-05-04,119.0,38.0,LANDSAT_5,
1_1_LT05_119038_19970605,1997-06-05,119.0,38.0,LANDSAT_5,
1_1_LT05_119038_19970707,1997-07-07,119.0,38.0,LANDSAT_5,
1_1_LT05_119038_19970723,1997-07-23,119.0,38.0,LANDSAT_5,
1_1_LT05_119038_19970808,1997-08-08,119.0,38.0,LANDSAT_5,
1_1_LT05_119038_19970909,1997-09-09,119.0,38.0,LANDSAT_5,
1_1_LT05_119038_19971011,1997-10-11,119.0,38.0,LANDSAT_5,
1_1_LT05_119038_19971027,1997-10-27,119.0,38.0,LANDSAT_5,
1_1_LT05_119038_19971214,1997-12-14,119.0,38.0,LANDSAT_5,
1_1_LT05_119038_19971230,1997-12-30,119.0,38.0,LANDSAT_5,
1_1_LT05_119038_19980131,1998-01-31,119.0,38.0,LANDSAT_5,
1_1_LT05_119038_19980405,1998-04-05,119.0,38.0,LANDSAT_5,
1_1_LT05_119038_19980421,1998-04-21,119.0,38.0,LANDSAT_5,
1_1_LT05_119038_19980523,1998-05-23,119.0,38.0,LANDSAT_5,
1_1_LT05_119038_19980710,1998-07-10,119.0,38.0,LANDSAT_5,
1_1_LT05_119038_19980726,1998-07-26,119.0,38.0,LANDSAT_5,
1_1_LT05_119038_19980811,1998-08-11,119.0,38.0,LANDSAT_5,
1_1_LT05_119038_19980912,1998-09-12,119.0,38.0,LANDSAT_5,
1_1_LT05_119038_19981030,1998-10-30,119.0,38.0,LANDSAT_5,
1_1_LT05_119038_19981115,1998-11-15,119.0,38.0,LANDSAT_5,
1_1_LT05_119038_19981217,1998-12-17,119.0,38.0,LANDSAT_5,
1_1_LT05_119038_19990102,1999-01-02,119.0,38.0,LANDSAT_5,
1_1_LT05_119038_19990118,1999-01-18,119.0,38.0,LANDSAT_5,
1_1_LT05_119038_19990203,1999-02-03,119.0,38.0,LANDSAT_5,
1_1_LT05_119038_19990219,1999-02-19,119.0,38.0,LANDSAT_5,
1_1_LT05_118038_19990228,1999-02-28,118.0,38.0,LANDSAT_5,
1_1_LT05_119038_19990408,1999-04-08,119.0,38.0,LANDSAT_5,
1_2_LE07_119038_19990806,1999-08-06,119.0,38.0,LANDSAT_7,
1_1_LT05_119038_19990915,1999-09-15,119.0,38.0,LANDSAT_5,
1_2_LE07_119038_19990923,1999-09-23,119.0,38.0,LANDSAT_7,
1_1_LT05_119038_19991001,1999-10-01,119.0,38.0,LANDSAT_5,
1_2_LE07_119038_19991025,1999-10-25,119.0,38.0,LANDSAT_7,
1_1_LT05_119038_19991102,1999-11-02,119.0,38.0,LANDSAT_5,
1_2_LE07_119038_19991212,1999-12-12,119.0,38.0,LANDSAT_7,
1_1_LT05_119038_19991220,1999-12-20,119.0,38.0,LANDSAT_5,
1_2_LE07_119038_19991228,1999-12-28,119.0,38.0,LANDSAT_7,
1_1_LT05_118038_19991229,1999-12-29,118.0,38.0,LANDSAT_5,
1_1_LT05_119038_20000105,2000-01-05,119.0,38.0,LANDSAT_5,
1_1_LT05_119038_20000121,2000-01-21,119.0,38.0,LANDSAT_5,
1_2_LE07_119038_20000129,2000-01-29,119.0,38.0,LANDSAT_7,
1_1_LT05_118038_20000130,2000-01-30,118.0,38.0,LANDSAT_5,
1_1_LT05_119038_20000206,2000-02-06,119.0,38.0,LANDSAT_5,
1_2_LE07_119038_20000214,2000-02-14,119.0,38.0,LANDSAT_7,
1_1_LT05_118038_20000215,2000-02-15,118.0,38.0,LANDSAT_5,
1_1_LT05_119038_20000222,2000-02-22,119.0,38.0,LANDSAT_5,
1_2_LE07_119038_20000301,2000-03-01,119.0,38.0,LANDSAT_7,
1_1_LT05_119038_20000309,2000-03-09,119.0,38.0,LANDSAT_5,
1_2_LE07_119038_20000317,2000-03-17,119.0,38.0,LANDSAT_7,
1_1_LT05_119038_20000325,2000-03-25,119.0,38.0,LANDSAT_5,
1_1_LT05_119038_20000410,2000-04-10,119.0,38.0,LANDSAT_5,
1_2_LE07_119038_20000418,2000-04-18,119.0,38.0,LANDSAT_7,
1_1_LT05_119038_20000426,2000-04-26,119.0,38.0,LANDSAT_5,
1_2_LE07_119038_20000504,2000-05-04,119.0,38.0,LANDSAT_7,
1_1_LT05_118038_20000505,2000-05-05,118.0,38.0,LANDSAT_5,
1_1_LT05_119038_20000512,2000-05-12,119.0,38.0,LANDSAT_5,
1_2_LE07_119038_20000520,2000-05-20,119.0,38.0,LANDSAT_7,
1_1_LT05_119038_20000528,2000-05-28,119.0,38.0,LANDSAT_5,
1_2_LE07_119038_20000605,2000-06-05,119.0,38.0,LANDSAT_7,
1_1_LT05_119038_20000613,2000-06-13,119.0,38.0,LANDSAT_5,
1_1_LT05_119038_20000629,2000-06-29,119.0,38.0,LANDSAT_5,
1_2_LE07_119038_20000707,2000-07-07,119.0,38.0,LANDSAT_7,
1_1_LT05_119038_20000715,2000-07-15,119.0,38.0,LANDSAT_5,
1_2_LE07_119038_20000723,2000-07-23,119.0,38.0,LANDSAT_7,
1_1_LT05_119038_20000731,2000-07-31,119.0,38.0,LANDSAT_5,
1_2_LE07_119038_20000808,2000-08-08,119.0,38.0,LANDSAT_7,
1_1_LT05_119038_20000816,2000-08-16,119.0,38.0,LANDSAT_5,
1_1_LT05_119038_20000901,2000-09-01,119.0,38.0,LANDSAT_5,
1_2_LE07_119038_20000909,2000-09-09,119.0,38.0,LANDSAT_7,
1_1_LT05_119038_20000917,2000-09-17,119.0,38.0,LANDSAT_5,
1_2_LE07_119038_20000925,2000-09-25,119.0,38.0,LANDSAT_7,
1_2_LE07_119038_20001011,2000-10-11,119.0,38.0,LANDSAT_7,
1_1_LT05_119038_20001104,2000-11-04,119.0,38.0,LANDSAT_5,
1_2_LE07_119038_20001112,2000-11-12,119.0,38.0,LANDSAT_7,
1_1_LT05_119038_20001120,2000-11-20,119.0,38.0,LANDSAT_5,
1_2_LE07_119038_20001128,2000-11-28,119.0,38.0,LANDSAT_7,
1_1_LT05_119038_20001206,2000-12-06,119.0,38.0,LANDSAT_5,
1_2_LE07_119038_20001214,2000-12-14,119.0,38.0,LANDSAT_7,
1_1_LT05_119038_20001222,2000-12-22,119.0,38.0,LANDSAT_5,
1_1_LT05_119038_20010107,2001-01-07,119.0,38.0,LANDSAT_5,
1_2_LE07_119038_20010115,2001-01-15,119.0,38.0,LANDSAT_7,
1_1_LT05_119038_20010208,2001-02-08,119.0,38.0,LANDSAT_5,
1_2_LE07_119038_20010216,2001-02-16,119.0,38.0,LANDSAT_7,
1_2_LE07_119038_20010304,2001-03-04,119.0,38.0,LANDSAT_7,
1_1_LT05_119038_20010312,2001-03-12,119.0,38.0,LANDSAT_5,
1_2_LE07_119038_20010320,2001-03-20,119.0,38.0,LANDSAT_7,
1_1_LT05_119038_20010328,2001-03-28,119.0,38.0,LANDSAT_5,
1_2_LE07_119038_20010405,2001-04-05,119.0,38.0,LANDSAT_7,
1_1_LT05_119038_20010413,2001-04-13,119.0,38.0,LANDSAT_5,
1_1_LT05_119038_20010515,2001-05-15,119.0,38.0,LANDSAT_5,
1_2_LE07_119038_20010523,2001-05-23,119.0,38.0,LANDSAT_7,
1_1_LT05_119038_20010531,2001-05-31,119.0,38.0,LANDSAT_5,
1_2_LE07_119038_20010608,2001-06-08,119.0,38.0,LANDSAT_7,
1_1_LT05_119038_20010616,2001-06-16,119.0,38.0,LANDSAT_5,
1_1_LT05_119038_20010702,2001-07-02,119.0,38.0,LANDSAT_5,
1_2_LE07_119038_20010710,2001-07-10,119.0,38.0,LANDSAT_7,
1_1_LT05_118038_20010711,2001-07-11,118.0,38.0,LANDSAT_5,
1_1_LT05_119038_20010718,2001-07-18,119.0,38.0,LANDSAT_5,
1_2_LE07_118038_20010719,2001-07-19,118.0,38.0,LANDSAT_7,
1_2_LE07_119038_20010726,2001-07-26,119.0,38.0,LANDSAT_7,
1_1_LT05_119038_20010803,2001-08-03,119.0,38.0,LANDSAT_5,
1_1_LT05_119038_20010819,2001-08-19,119.0,38.0,LANDSAT_5,
1_2_LE07_119038_20010827,2001-08-27,119.0,38.0,LANDSAT_7,
1_1_LT05_119038_20010904,2001-09-04,119.0,38.0,LANDSAT_5,
1_2_LE07_119038_20010912,2001-09-12,119.0,38.0,LANDSAT_7,
1_2_LE07_119038_20010928,2001-09-28,119.0,38.0,LANDSAT_7,
1_2_LE07_119038_20011014,2001-10-14,119.0,38.0,LANDSAT_7,
1_2_LE07_119038_20011030,2001-10-30,119.0,38.0,LANDSAT_7,
1_1_LT05_119038_20011107,2001-11-07,119.0,38.0,LANDSAT_5,
1_2_LE07_119038_20011115,2001-11-15,119.0,38.0,LANDSAT_7,
1_1_LT05_119038_20011123,2001-11-23,119.0,38.0,LANDSAT_5,
1_2_LE07_119038_20020102,2002-01-02,119.0,38.0,LANDSAT_7,
1_1_LT05_119038_20020110,2002-01-10,119.0,38.0,LANDSAT_5,
1_1_LT05_118038_20020119,2002-01-19,118.0,38.0,LANDSAT_5,
1_2_LE07_119038_20020203,2002-02-03,119.0,38.0,LANDSAT_7,
1_1_LT05_119038_20020211,2002-02-11,119.0,38.0,LANDSAT_5,
1_2_LE07_119038_20020219,2002-02-19,119.0,38.0,LANDSAT_7,
1_2_LE07_119038_20020307,2002-03-07,119.0,38.0,LANDSAT_7,
1_1_LT05_119038_20020315,2002-03-15,119.0,38.0,LANDSAT_5,
1_2_LE07_119038_20020323,2002-03-23,119.0,38.0,LANDSAT_7,
1_2_LE07_119038_20020408,2002-04-08,119.0,38.0,LANDSAT_7,
1_2_LE07_119038_20020526,2002-05-26,119.0,38.0,LANDSAT_7,
1_2_LE07_119038_20020611,2002-06-11,119.0,38.0,LANDSAT_7,
1_2_LE07_119038_20020713,2002-07-13,119.0,38.0,LANDSAT_7,
1_1_LT05_118038_20020714,2002-07-14,118.0,38.0,LANDSAT_5,
1_1_LT05_119038_20020721,2002-07-21,119.0,38.0,LANDSAT_5,
1_1_LT05_118038_20020730,2002-07-30,118.0,38.0,LANDSAT_5,
1_2_LE07_119038_20020814,2002-08-14,119.0,38.0,LANDSAT_7,
1_1_LT05_119038_20020822,2002-08-22,119.0,38.0,LANDSAT_5,
1_2_LE07_119038_20020830,2002-08-30,119.0,38.0,LANDSAT_7,
1_1_LT05_118038_20020831,2002-08-31,118.0,38.0,LANDSAT_5,
1_1_LT05_119038_20020923,2002-09-23,119.0,38.0,LANDSAT_5,
1_2_LE07_119038_20021001,2002-10-01,119.0,38.0,LANDSAT_7,
1_1_LT05_118038_20021002,2002-10-02,118.0,38.0,LANDSAT_5,
1_1_LT05_119038_20021009,2002-10-09,119.0,38.0,LANDSAT_5,
1_2_LE07_119038_20021017,2002-10-17,119.0,38.0,LANDSAT_7,
1_1_LT05_119038_20021025,2002-10-25,119.0,38.0,LANDSAT_5,
1_2_LE07_119038_20021102,2002-11-02,119.0,38.0,LANDSAT_7,
1_1_LT05_119038_20021110,2002-11-10,119.0,38.0,LANDSAT_5,
1_2_LE07_119038_20021118,2002-11-18,119.0,38.0,LANDSAT_7,
1_2_LE07_119038_20021204,2002-12-04,119.0,38.0,LANDSAT_7,
1_2_LE07_119038_20030105,2003-01-05,119.0,38.0,LANDSAT_7,
1_1_LT05_119038_20030113,2003-01-13,119.0,38.0,LANDSAT_5,
1_2_LE07_119038_20030121,2003-01-21,119.0,38.0,LANDSAT_7,
1_1_LT05_119038_20030129,2003-01-29,119.0,38.0,LANDSAT_5,
1_2_LE07_119038_20030206,2003-02-06,119.0,38.0,LANDSAT_7,
1_1_LT05_119038_20030302,2003-03-02,119.0,38.0,LANDSAT_5,
1_2_LE07_119038_20030310,2003-03-10,119.0,38.0,LANDSAT_7,
1_1_LT05_119038_20030318,2003-03-18,119.0,38.0,LANDSAT_5,
1_2_LE07_119038_20030326,2003-03-26,119.0,38.0,LANDSAT_7,
1_1_LT05_119038_20030403,2003-04-03,119.0,38.0,LANDSAT_5,
1_2_LE07_119038_20030427,2003-04-27,119.0,38.0,LANDSAT_7,
1_1_LT05_119038_20030606,2003-06-06,119.0,38.0,LANDSAT_5,
1_1_LT05_119038_20030708,2003-07-08,119.0,38.0,LANDSAT_5,
1_1_LT05_119038_20030724,2003-07-24,119.0,38.0,LANDSAT_5,
1_2_LE07_119038_20030801,2003-08-01,119.0,38.0,LANDSAT_7,
1_1_LT05_119038_20030926,2003-09-26,119.0,38.0,LANDSAT_5,
1_2_LE07_119038_20031020,2003-10-20,119.0,38.0,LANDSAT_7,
1_1_LT05_119038_20031028,2003-10-28,119.0,38.0,LANDSAT_5,
1_2_LE07_119038_20031105,2003-11-05,119.0,38.0,LANDSAT_7,
1_1_LT05_119038_20031113,2003-11-13,119.0,38.0,LANDSAT_5,
1_2_LE07_119038_20031121,2003-11-21,119.0,38.0,LANDSAT_7,
1_1_LT05_118038_20031122,2003-11-22,118.0,38.0,LANDSAT_5,
1_2_LE07_119038_20031207,2003-12-07,119.0,38.0,LANDSAT_7,
1_1_LT05_119038_20031215,2003-12-15,119.0,38.0,LANDSAT_5,
1_2_LE07_119038_20031223,2003-12-23,119.0,38.0,LANDSAT_7,
1_2_LE07_119038_20040124,2004-01-24,119.0,38.0,LANDSAT_7,
1_2_LE07_119038_20040209,2004-02-09,119.0,38.0,LANDSAT_7,
1_1_LT05_119038_20040217,2004-02-17,119.0,38.0,LANDSAT_5,
1_2_LE07_119038_20040225,2004-02-25,119.0,38.0,LANDSAT_7,
1_1_LT05_119038_20040304,2004-03-04,119.0,38.0,LANDSAT_5,
1_2_LE07_119038_20040328,2004-03-28,119.0,38.0,LANDSAT_7,
1_1_LT05_119038_20040405,2004-04-05,119.0,38.0,LANDSAT_5,
1_2_LE07_119038_20040429,2004-04-29,119.0,38.0,LANDSAT_7,
1_1_LT05_119038_20040507,2004-05-07,119.0,38.0,LANDSAT_5,
1_1_LT05_119038_20040523,2004-05-23,119.0,38.0,LANDSAT_5,
1_2_LE07_119038_20040531,2004-05-31,119.0,38.0,LANDSAT_7,
1_1_LT05_119038_20040608,2004-06-08,119.0,38.0,LANDSAT_5,
1_2_LE07_119038_20040702,2004-07-02,119.0,38.0,LANDSAT_7,
1_1_LT05_119038_20040710,2004-07-10,119.0,38.0,LANDSAT_5,
1_2_LE07_119038_20040718,2004-07-18,119.0,38.0,LANDSAT_7,
1_1_LT05_119038_20040726,2004-07-26,119.0,38.0,LANDSAT_5,
1_2_LE07_119038_20040803,2004-08-03,119.0,38.0,LANDSAT_7,
1_1_LT05_119038_20040811,2004-08-11,119.0,38.0,LANDSAT_5,
1_2_LE07_119038_20040819,2004-08-19,119.0,38.0,LANDSAT_7,
1_1_LT05_119038_20040827,2004-08-27,119.0,38.0,LANDSAT_5,
1_2_LE07_119038_20040920,2004-09-20,119.0,38.0,LANDSAT_7,
1_1_LT05_119038_20040928,2004-09-28,119.0,38.0,LANDSAT_5,
1_1_LT05_119038_20041014,2004-10-14,119.0,38.0,LANDSAT_5,
1_2_LE07_119038_20041022,2004-10-22,119.0,38.0,LANDSAT_7,
1_1_LT05_119038_20041030,2004-10-30,119.0,38.0,LANDSAT_5,
1_2_LE07_119038_20041107,2004-11-07,119.0,38.0,LANDSAT_7,
1_1_LT05_119038_20041115,2004-11-15,119.0,38.0,LANDSAT_5,
1_2_LE07_119038_20041123,2004-11-23,119.0,38.0,LANDSAT_7,
1_2_LE07_119038_20041209,2004-12-09,119.0,38.0,LANDSAT_7,
1_1_LT05_119038_20041217,2004-12-17,119.0,38.0,LANDSAT_5,
1_2_LE07_119038_20041225,2004-12-25,119.0,38.0,LANDSAT_7,
1_2_LE07_119038_20050110,2005-01-10,119.0,38.0,LANDSAT_7,
1_1_LT05_119038_20050118,2005-01-18,119.0,38.0,LANDSAT_5,
1_2_LE07_119038_20050126,2005-01-26,119.0,38.0,LANDSAT_7,
1_1_LT05_119038_20050203,2005-02-03,119.0,38.0,LANDSAT_5,
1_2_LE07_119038_20050211,2005-02-11,119.0,38.0,LANDSAT_7,
1_1_LT05_119038_20050219,2005-02-19,119.0,38.0,LANDSAT_5,
1_1_LT05_119038_20050307,2005-03-07,119.0,38.0,LANDSAT_5,
1_1_LT05_119038_20050323,2005-03-23,119.0,38.0,LANDSAT_5,
1_2_LE07_119038_20050331,2005-03-31,119.0,38.0,LANDSAT_7,
1_1_LT05_119038_20050408,2005-04-08,119.0,38.0,LANDSAT_5,
1_2_LE07_119038_20050416,2005-04-16,119.0,38.0,LANDSAT_7,
1_1_LT05_119038_20050424,2005-04-24,119.0,38.0,LANDSAT_5,
1_2_LE07_119038_20050502,2005-05-02,119.0,38.0,LANDSAT_7,
1_1_LT05_119038_20050510,2005-05-10,119.0,38.0,LANDSAT_5,
1_1_LT05_119038_20050526,2005-05-26,119.0,38.0,LANDSAT_5,
1_2_LE07_119038_20050603,2005-06-03,119.0,38.0,LANDSAT_7,
1_1_LT05_119038_20050611,2005-06-11,119.0,38.0,LANDSAT_5,
1_2_LE07_119038_20050619,2005-06-19,119.0,38.0,LANDSAT_7,
1_2_LE07_119038_20050705,2005-07-05,119.0,38.0,LANDSAT_7,
1_1_LT05_119038_20050729,2005-07-29,119.0,38.0,LANDSAT_5,
1_1_LT05_119038_20050814,2005-08-14,119.0,38.0,LANDSAT_5,
1_2_LE07_119038_20050907,2005-09-07,119.0,38.0,LANDSAT_7,
1_1_LT05_118038_20050908,2005-09-08,118.0,38.0,LANDSAT_5,
1_1_LT05_119038_20050915,2005-09-15,119.0,38.0,LANDSAT_5,
1_1_LT05_118038_20050924,2005-09-24,118.0,38.0,LANDSAT_5,
1_1_LT05_119038_20051001,2005-10-01,119.0,38.0,LANDSAT_5,
1_2_LE07_119038_20051009,2005-10-09,119.0,38.0,LANDSAT_7,
1_1_LT05_118038_20051010,2005-10-10,118.0,38.0,LANDSAT_5,
1_1_LT05_119038_20051017,2005-10-17,119.0,38.0,LANDSAT_5,
1_1_LT05_119038_20051118,2005-11-18,119.0,38.0,LANDSAT_5,
1_2_LE07_119038_20051126,2005-11-26,119.0,38.0,LANDSAT_7,
1_2_LE07_119038_20051212,2005-12-12,119.0,38.0,LANDSAT_7,
1_2_LE07_119038_20060129,2006-01-29,119.0,38.0,LANDSAT_7,
1_2_LE07_119038_20060214,2006-02-14,119.0,38.0,LANDSAT_7,
1_2_LE07_119038_20060302,2006-03-02,119.0,38.0,LANDSAT_7,
1_1_LT05_119038_20060310,2006-03-10,119.0,38.0,LANDSAT_5,
1_2_LE07_119038_20060318,2006-03-18,119.0,38.0,LANDSAT_7,
1_2_LE07_119038_20060403,2006-04-03,119.0,38.0,LANDSAT_7,
1_2_LE07_119038_20060419,2006-04-19,119.0,38.0,LANDSAT_7,
1_1_LT05_119038_20060427,2006-04-27,119.0,38.0,LANDSAT_5,
1_2_LE07_119038_20060521,2006-05-21,119.0,38.0,LANDSAT_7,
1_1_LT05_119038_20060529,2006-05-29,119.0,38.0,LANDSAT_5,
1_2_LE07_119038_20060606,2006-06-06,119.0,38.0,LANDSAT_7,
1_2_LE07_119038_20060622,2006-06-22,119.0,38.0,LANDSAT_7,
1_1_LT05_119038_20060630,2006-06-30,119.0,38.0,LANDSAT_5,
1_1_LT05_119038_20060801,2006-08-01,119.0,38.0,LANDSAT_5,
1_2_LE07_119038_20060809,2006-08-09,119.0,38.0,LANDSAT_7,
1_1_LT05_119038_20060817,2006-08-17,119.0,38.0,LANDSAT_5,
1_2_LE07_119038_20060910,2006-09-10,119.0,38.0,LANDSAT_7,
1_1_LT05_119038_20060918,2006-09-18,119.0,38.0,LANDSAT_5,
1_2_LE07_119038_20060926,2006-09-26,119.0,38.0,LANDSAT_7,
1_1_LT05_119038_20061004,2006-10-04,119.0,38.0,LANDSAT_5,
1_1_LT05_118038_20061013,2006-10-13,118.0,38.0,LANDSAT_5,
1_1_LT05_118038_20061029,2006-10-29,118.0,38.0,LANDSAT_5,
1_1_LT05_119038_20061105,2006-11-05,119.0,38.0,LANDSAT_5,
1_1_LT05_118038_20061114,2006-11-14,118.0,38.0,LANDSAT_5,
1_2_LE07_119038_20061129,2006-11-29,119.0,38.0,LANDSAT_7,
1_1_LT05_118038_20061130,2006-11-30,118.0,38.0,LANDSAT_5,
1_2_LE07_119038_20061215,2006-12-15,119.0,38.0,LANDSAT_7,
1_1_LT05_118038_20061216,2006-12-16,118.0,38.0,LANDSAT_5,
1_1_LT05_119038_20061223,2006-12-23,119.0,38.0,LANDSAT_5,
1_1_LT05_119038_20070108,2007-01-08,119.0,38.0,LANDSAT_5,
1_1_LT05_119038_20070124,2007-01-24,119.0,38.0,LANDSAT_5,
1_2_LE07_119038_20070201,2007-02-01,119.0,38.0,LANDSAT_7,
1_1_LT05_118038_20070202,2007-02-02,118.0,38.0,LANDSAT_5,
1_1_LT05_119038_20070313,2007-03-13,119.0,38.0,LANDSAT_5,
1_2_LE07_119038_20070321,2007-03-21,119.0,38.0,LANDSAT_7,
1_1_LT05_118038_20070322,2007-03-22,118.0,38.0,LANDSAT_5,
1_1_LT05_119038_20070329,2007-03-29,119.0,38.0,LANDSAT_5,
1_2_LE07_119038_20070406,2007-04-06,119.0,38.0,LANDSAT_7,
1_1_LT05_118038_20070407,2007-04-07,118.0,38.0,LANDSAT_5,
1_1_LT05_119038_20070414,2007-04-14,119.0,38.0,LANDSAT_5,
1_1_LT05_118038_20070423,2007-04-23,118.0,38.0,LANDSAT_5,
1_2_LE07_119038_20070508,2007-05-08,119.0,38.0,LANDSAT_7,
1_1_LT05_119038_20070516,2007-05-16,119.0,38.0,LANDSAT_5,
1_1_LT05_118038_20070610,2007-06-10,118.0,38.0,LANDSAT_5,
1_2_LE07_119038_20070711,2007-07-11,119.0,38.0,LANDSAT_7,
1_1_LT05_119038_20070719,2007-07-19,119.0,38.0,LANDSAT_5,
1_1_LT05_119038_20070820,2007-08-20,119.0,38.0,LANDSAT_5,
1_2_LE07_119038_20070913,2007-09-13,119.0,38.0,LANDSAT_7,
1_2_LE07_119038_20071015,2007-10-15,119.0,38.0,LANDSAT_7,
1_2_LE07_118038_20071109,2007-11-09,118.0,38.0,LANDSAT_7,
1_2_LE07_118038_20071125,2007-11-25,118.0,38.0,LANDSAT_7,
1_2_LE07_118038_20071211,2007-12-11,118.0,38.0,LANDSAT_7,
1_2_LE07_119038_20071218,2007-12-18,119.0,38.0,LANDSAT_7,
1_2_LE07_119038_20080103,2008-01-03,119.0,38.0,LANDSAT_7,
1_2_LE07_119038_20080204,2008-02-04,119.0,38.0,LANDSAT_7,
1_1_LT05_119038_20080212,2008-02-12,119.0,38.0,LANDSAT_5,
1_2_LE07_119038_20080220,2008-02-20,119.0,38.0,LANDSAT_7,
1_1_LT05_119038_20080228,2008-02-28,119.0,38.0,LANDSAT_5,
1_2_LE07_119038_20080307,2008-03-07,119.0,38.0,LANDSAT_7,
1_2_LE07_119038_20080323,2008-03-23,119.0,38.0,LANDSAT_7,
1_1_LT05_119038_20080331,2008-03-31,119.0,38.0,LANDSAT_5,
1_2_LE07_118038_20080417,2008-04-17,118.0,38.0,LANDSAT_7,
1_2_LE07_119038_20080424,2008-04-24,119.0,38.0,LANDSAT_7,
1_1_LT05_118038_20080425,2008-04-25,118.0,38.0,LANDSAT_5,
1_1_LT05_119038_20080502,2008-05-02,119.0,38.0,LANDSAT_5,
1_2_LE07_118038_20080503,2008-05-03,118.0,38.0,LANDSAT_7,
1_2_LE07_119038_20080510,2008-05-10,119.0,38.0,LANDSAT_7,
1_1_LT05_118038_20080511,2008-05-11,118.0,38.0,LANDSAT_5,
1_1_LT05_119038_20080518,2008-05-18,119.0,38.0,LANDSAT_5,
1_2_LE07_118038_20080519,2008-05-19,118.0,38.0,LANDSAT_7,
1_2_LE07_119038_20080526,2008-05-26,119.0,38.0,LANDSAT_7,
1_1_LT05_118038_20080527,2008-05-27,118.0,38.0,LANDSAT_5,
1_1_LT05_119038_20080603,2008-06-03,119.0,38.0,LANDSAT_5,
1_2_LE07_118038_20080604,2008-06-04,118.0,38.0,LANDSAT_7,
1_1_LT05_118038_20080612,2008-06-12,118.0,38.0,LANDSAT_5,
1_1_LT05_119038_20080705,2008-07-05,119.0,38.0,LANDSAT_5,
1_2_LE07_119038_20080713,2008-07-13,119.0,38.0,LANDSAT_7,
1_1_LT05_118038_20080714,2008-07-14,118.0,38.0,LANDSAT_5,
1_1_LT05_119038_20080721,2008-07-21,119.0,38.0,LANDSAT_5,
1_1_LT05_119038_20080806,2008-08-06,119.0,38.0,LANDSAT_5,
1_2_LE07_119038_20080814,2008-08-14,119.0,38.0,LANDSAT_7,
1_1_LT05_118038_20080815,2008-08-15,118.0,38.0,LANDSAT_5,
1_1_LT05_119038_20080822,2008-08-22,119.0,38.0,LANDSAT_5,
1_1_LT05_119038_20080907,2008-09-07,119.0,38.0,LANDSAT_5,
1_2_LE07_119038_20081001,2008-10-01,119.0,38.0,LANDSAT_7,
1_1_LT05_118038_20081002,2008-10-02,118.0,38.0,LANDSAT_5,
1_1_LT05_119038_20081009,2008-10-09,119.0,38.0,LANDSAT_5,
1_1_LT05_118038_20081018,2008-10-18,118.0,38.0,LANDSAT_5,
1_2_LE07_119038_20081118,2008-11-18,119.0,38.0,LANDSAT_7,
1_1_LT05_119038_20081212,2008-12-12,119.0,38.0,LANDSAT_5,
1_1_LT05_119038_20090113,2009-01-13,119.0,38.0,LANDSAT_5,
1_2_LE07_119038_20090121,2009-01-21,119.0,38.0,LANDSAT_7,
1_1_LT05_119038_20090214,2009-02-14,119.0,38.0,LANDSAT_5,
1_2_LE07_119038_20090310,2009-03-10,119.0,38.0,LANDSAT_7,
1_1_LT05_119038_20090318,2009-03-18,119.0,38.0,LANDSAT_5,
1_2_LE07_119038_20090326,2009-03-26,119.0,38.0,LANDSAT_7,
1_2_LE07_119038_20090411,2009-04-11,119.0,38.0,LANDSAT_7,
1_2_LE07_119038_20090427,2009-04-27,119.0,38.0,LANDSAT_7,
1_2_LE07_118038_20090506,2009-05-06,118.0,38.0,LANDSAT_7,
1_2_LE07_119038_20090513,2009-05-13,119.0,38.0,LANDSAT_7,
1_2_LE07_118038_20090522,2009-05-22,118.0,38.0,LANDSAT_7,
1_2_LE07_119038_20090529,2009-05-29,119.0,38.0,LANDSAT_7,
1_1_LT05_119038_20090606,2009-06-06,119.0,38.0,LANDSAT_5,
1_2_LE07_118038_20090607,2009-06-07,118.0,38.0,LANDSAT_7,
1_2_LE07_119038_20090614,2009-06-14,119.0,38.0,LANDSAT_7,
1_2_LE07_118038_20090623,2009-06-23,118.0,38.0,LANDSAT_7,
1_1_LT05_119038_20090708,2009-07-08,119.0,38.0,LANDSAT_5,
1_2_LE07_119038_20090716,2009-07-16,119.0,38.0,LANDSAT_7,
1_2_LE07_119038_20090817,2009-08-17,119.0,38.0,LANDSAT_7,
1_1_LT05_119038_20090825,2009-08-25,119.0,38.0,LANDSAT_5,
1_2_LE07_119038_20090902,2009-09-02,119.0,38.0,LANDSAT_7,
1_1_LT05_119038_20090910,2009-09-10,119.0,38.0,LANDSAT_5,
1_2_LE07_119038_20091020,2009-10-20,119.0,38.0,LANDSAT_7,
1_2_LE07_119038_20091105,2009-11-05,119.0,38.0,LANDSAT_7,
1_2_LE07_119038_20091121,2009-11-21,119.0,38.0,LANDSAT_7,
1_2_LE07_119038_20091207,2009-12-07,119.0,38.0,LANDSAT_7,
1_2_LE07_119038_20091223,2009-12-23,119.0,38.0,LANDSAT_7,
1_2_LE07_119038_20100108,2010-01-08,119.0,38.0,LANDSAT_7,
1_1_LT05_119038_20100116,2010-01-16,119.0,38.0,LANDSAT_5,
1_2_LE07_118038_20100117,2010-01-17,118.0,38.0,LANDSAT_7,
1_2_LE07_119038_20100124,2010-01-24,119.0,38.0,LANDSAT_7,
1_1_LT05_119038_20100217,2010-02-17,119.0,38.0,LANDSAT_5,
1_2_LE07_119038_20100313,2010-03-13,119.0,38.0,LANDSAT_7,
1_2_LE07_119038_20100329,2010-03-29,119.0,38.0,LANDSAT_7,
1_2_LE07_118038_20100407,2010-04-07,118.0,38.0,LANDSAT_7,
1_2_LE07_118038_20100423,2010-04-23,118.0,38.0,LANDSAT_7,
1_2_LE07_119038_20100430,2010-04-30,119.0,38.0,LANDSAT_7,
1_1_LT05_118038_20100501,2010-05-01,118.0,38.0,LANDSAT_5,
1_1_LT05_119038_20100524,2010-05-24,119.0,38.0,LANDSAT_5,
1_2_LE07_119038_20100719,2010-07-19,119.0,38.0,LANDSAT_7,
1_2_LE07_119038_20100804,2010-08-04,119.0,38.0,LANDSAT_7,
1_1_LT05_119038_20100812,2010-08-12,119.0,38.0,LANDSAT_5,
1_2_LE07_119038_20100820,2010-08-20,119.0,38.0,LANDSAT_7,
1_2_LE07_119038_20100921,2010-09-21,119.0,38.0,LANDSAT_7,
1_1_LT05_118038_20101008,2010-10-08,118.0,38.0,LANDSAT_5,
1_1_LT05_119038_20101015,2010-10-15,119.0,38.0,LANDSAT_5,
1_1_LT05_119038_20101031,2010-10-31,119.0,38.0,LANDSAT_5,
1_1_LT05_119038_20101116,2010-11-16,119.0,38.0,LANDSAT_5,
1_1_LT05_119038_20101202,2010-12-02,119.0,38.0,LANDSAT_5,
1_2_LE07_119038_20101210,2010-12-10,119.0,38.0,LANDSAT_7,
1_1_LT05_119038_20101218,2010-12-18,119.0,38.0,LANDSAT_5,
1_2_LE07_119038_20101226,2010-12-26,119.0,38.0,LANDSAT_7,
1_1_LT05_119038_20110103,2011-01-03,119.0,38.0,LANDSAT_5,
1_2_LE07_119038_20110111,2011-01-11,119.0,38.0,LANDSAT_7,
1_1_LT05_119038_20110204,2011-02-04,119.0,38.0,LANDSAT_5,
1_2_LE07_119038_20110212,2011-02-12,119.0,38.0,LANDSAT_7,
1_1_LT05_119038_20110220,2011-02-20,119.0,38.0,LANDSAT_5,
1_1_LT05_119038_20110308,2011-03-08,119.0,38.0,LANDSAT_5,
1_2_LE07_119038_20110316,2011-03-16,119.0,38.0,LANDSAT_7,
1_1_LT05_119038_20110324,2011-03-24,119.0,38.0,LANDSAT_5,
1_2_LE07_119038_20110401,2011-04-01,119.0,38.0,LANDSAT_7,
1_1_LT05_119038_20110409,2011-04-09,119.0,38.0,LANDSAT_5,
1_2_LE07_119038_20110417,2011-04-17,119.0,38.0,LANDSAT_7,
1_1_LT05_119038_20110425,2011-04-25,119.0,38.0,LANDSAT_5,
1_2_LE07_119038_20110503,2011-05-03,119.0,38.0,LANDSAT_7,
1_2_LE07_119038_20110519,2011-05-19,119.0,38.0,LANDSAT_7,
1_2_LE07_119038_20110620,2011-06-20,119.0,38.0,LANDSAT_7,
1_1_LT05_119038_20110628,2011-06-28,119.0,38.0,LANDSAT_5,
1_2_LE07_119038_20110722,2011-07-22,119.0,38.0,LANDSAT_7,
1_1_LT05_119038_20110730,2011-07-30,119.0,38.0,LANDSAT_5,
1_1_LT05_119038_20110815,2011-08-15,119.0,38.0,LANDSAT_5,
1_2_LE07_119038_20110908,2011-09-08,119.0,38.0,LANDSAT_7,
1_1_LT05_119038_20110916,2011-09-16,119.0,38.0,LANDSAT_5,
1_2_LE07_119038_20110924,2011-09-24,119.0,38.0,LANDSAT_7,
1_1_LT05_119038_20111103,2011-11-03,119.0,38.0,LANDSAT_5,
1_2_LE07_119038_20111111,2011-11-11,119.0,38.0,LANDSAT_7,
1_2_LE07_119038_20111127,2011-11-27,119.0,38.0,LANDSAT_7,
1_2_LE07_119038_20111213,2011-12-13,119.0,38.0,LANDSAT_7,
1_2_LE07_119038_20120403,2012-04-03,119.0,38.0,LANDSAT_7,
1_2_LE07_118038_20120428,2012-04-28,118.0,38.0,LANDSAT_7,
1_2_LE07_119038_20120505,2012-05-05,119.0,38.0,LANDSAT_7,
1_2_LE07_119038_20120521,2012-05-21,119.0,38.0,LANDSAT_7,
1_2_LE07_119038_20121012,2012-10-12,119.0,38.0,LANDSAT_7,
1_2_LE07_119038_20121028,2012-10-28,119.0,38.0,LANDSAT_7,
1_2_LE07_119038_20121113,2012-11-13,119.0,38.0,LANDSAT_7,
1_2_LE07_119038_20121129,2012-11-29,119.0,38.0,LANDSAT_7,
1_2_LE07_119038_20121231,2012-12-31,119.0,38.0,LANDSAT_7,
1_2_LE07_119038_20130305,2013-03-05,119.0,38.0,LANDSAT_7,
1_2_LE07_119038_20130321,2013-03-21,119.0,38.0,LANDSAT_7,
2_LC08_119038_20130325,2013-03-25,119.0,38.0,LANDSAT_8,
2_LC08_119038_20130414,2013-04-14,119.0,38.0,LANDSAT_8,
1_2_LE07_119038_20130422,2013-04-22,119.0,38.0,LANDSAT_7,
2_LC08_119038_20130617,2013-06-17,119.0,38.0,LANDSAT_8,
2_LC08_119038_20130703,2013-07-03,119.0,38.0,LANDSAT_8,
1_2_LE07_119038_20130711,2013-07-11,119.0,38.0,LANDSAT_7,
2_LC08_119038_20130719,2013-07-19,119.0,38.0,LANDSAT_8,
1_2_LE07_119038_20130727,2013-07-27,119.0,38.0,LANDSAT_7,
2_LC08_119038_20130804,2013-08-04,119.0,38.0,LANDSAT_8,
1_2_LE07_119038_20130812,2013-08-12,119.0,38.0,LANDSAT_7,
2_LC08_119038_20130820,2013-08-20,119.0,38.0,LANDSAT_8,
1_2_LE07_119038_20130828,2013-08-28,119.0,38.0,LANDSAT_7,
1_2_LE07_119038_20130929,2013-09-29,119.0,38.0,LANDSAT_7,
2_LC08_119038_20131023,2013-10-23,119.0,38.0,LANDSAT_8,
2_LC08_119038_20131108,2013-11-08,119.0,38.0,LANDSAT_8,
1_2_LE07_119038_20131116,2013-11-16,119.0,38.0,LANDSAT_7,
1_2_LE07_119038_20131202,2013-12-02,119.0,38.0,LANDSAT_7,
2_LC08_119038_20131210,2013-12-10,119.0,38.0,LANDSAT_8,
1_2_LE07_119038_20131218,2013-12-18,119.0,38.0,LANDSAT_7,
2_LC08_119038_20131226,2013-12-26,119.0,38.0,LANDSAT_8,
1_2_LE07_119038_20140103,2014-01-03,119.0,38.0,LANDSAT_7,
1_2_LE07_119038_20140119,2014-01-19,119.0,38.0,LANDSAT_7,
2_LC08_119038_20140127,2014-01-27,119.0,38.0,LANDSAT_8,
1_2_LE07_118038_20140128,2014-01-28,118.0,38.0,LANDSAT_7,
1_2_LE07_119038_20140204,2014-02-04,119.0,38.0,LANDSAT_7,
2_LC08_119038_20140212,2014-02-12,119.0,38.0,LANDSAT_8,
1_2_LE07_119038_20140220,2014-02-20,119.0,38.0,LANDSAT_7,
2_LC08_119038_20140316,2014-03-16,119.0,38.0,LANDSAT_8,
2_LC08_119038_20140401,2014-04-01,119.0,38.0,LANDSAT_8,
1_2_LE07_119038_20140409,2014-04-09,119.0,38.0,LANDSAT_7,
2_LC08_119038_20140503,2014-05-03,119.0,38.0,LANDSAT_8,
1_2_LE07_119038_20140527,2014-05-27,119.0,38.0,LANDSAT_7,
2_LC08_119038_20140604,2014-06-04,119.0,38.0,LANDSAT_8,
1_2_LE07_119038_20140612,2014-06-12,119.0,38.0,LANDSAT_7,
1_2_LE07_119038_20140628,2014-06-28,119.0,38.0,LANDSAT_7,
1_2_LE07_119038_20140714,2014-07-14,119.0,38.0,LANDSAT_7,
2_LC08_119038_20140722,2014-07-22,119.0,38.0,LANDSAT_8,
1_2_LE07_119038_20140730,2014-07-30,119.0,38.0,LANDSAT_7,
2_LC08_119038_20140823,2014-08-23,119.0,38.0,LANDSAT_8,
1_2_LE07_119038_20141002,2014-10-02,119.0,38.0,LANDSAT_7,
2_LC08_119038_20141010,2014-10-10,119.0,38.0,LANDSAT_8,
1_2_LE07_119038_20141018,2014-10-18,119.0,38.0,LANDSAT_7,
2_LC08_119038_20141026,2014-10-26,119.0,38.0,LANDSAT_8,
1_2_LE07_119038_20141103,2014-11-03,119.0,38.0,LANDSAT_7,
2_LC08_119038_20141111,2014-11-11,119.0,38.0,LANDSAT_8,
1_2_LE07_119038_20141119,2014-11-19,119.0,38.0,LANDSAT_7,
2_LC08_119038_20141127,2014-11-27,119.0,38.0,LANDSAT_8,
1_2_LE07_119038_20141205,2014-12-05,119.0,38.0,LANDSAT_7,
2_LC08_119038_20141213,2014-12-13,119.0,38.0,LANDSAT_8,
1_2_LE07_119038_20141221,2014-12-21,119.0,38.0,LANDSAT_7,
2_LC08_119038_20141229,2014-12-29,119.0,38.0,LANDSAT_8,
1_2_LE07_119038_20150122,2015-01-22,119.0,38.0,LANDSAT_7,
2_LC08_119038_20150130,2015-01-30,119.0,38.0,LANDSAT_8,
1_2_LE07_119038_20150207,2015-02-07,119.0,38.0,LANDSAT_7,
1_2_LE07_119038_20150311,2015-03-11,119.0,38.0,LANDSAT_7,
1_2_LE07_119038_20150412,2015-04-12,119.0,38.0,LANDSAT_7,
2_LC08_119038_20150420,2015-04-20,119.0,38.0,LANDSAT_8,
1_2_LE07_119038_20150428,2015-04-28,119.0,38.0,LANDSAT_7,
2_LC08_119038_20150506,2015-05-06,119.0,38.0,LANDSAT_8,
1_2_LE07_119038_20150514,2015-05-14,119.0,38.0,LANDSAT_7,
2_LC08_119038_20150522,2015-05-22,119.0,38.0,LANDSAT_8,
1_2_LE07_119038_20150701,2015-07-01,119.0,38.0,LANDSAT_7,
2_LC08_119038_20150725,2015-07-25,119.0,38.0,LANDSAT_8,
1_2_LE07_119038_20150802,2015-08-02,119.0,38.0,LANDSAT_7,
2_LC08_119038_20150826,2015-08-26,119.0,38.0,LANDSAT_8,
1_2_LE07_119038_20150903,2015-09-03,119.0,38.0,LANDSAT_7,
2_LC08_119038_20150911,2015-09-11,119.0,38.0,LANDSAT_8,
2_LC08_119038_20150927,2015-09-27,119.0,38.0,LANDSAT_8,
2_LC08_119038_20151013,2015-10-13,119.0,38.0,LANDSAT_8,
1_2_LE07_119038_20151021,2015-10-21,119.0,38.0,LANDSAT_7,
1_2_LE07_119038_20151106,2015-11-06,119.0,38.0,LANDSAT_7,
2_LC08_119038_20151114,2015-11-14,119.0,38.0,LANDSAT_8,
2_LC08_119038_20151130,2015-11-30,119.0,38.0,LANDSAT_8,
1_2_LE07_119038_20151208,2015-12-08,119.0,38.0,LANDSAT_7,
2_LC08_119038_20151216,2015-12-16,119.0,38.0,LANDSAT_8,
2_LC08_119038_20160101,2016-01-01,119.0,38.0,LANDSAT_8,
1_2_LE07_119038_20160109,2016-01-09,119.0,38.0,LANDSAT_7,
1_2_LE07_119038_20160125,2016-01-25,119.0,38.0,LANDSAT_7,
2_LC08_119038_20160202,2016-02-02,119.0,38.0,LANDSAT_8,
1_2_LE07_119038_20160210,2016-02-10,119.0,38.0,LANDSAT_7,
2_LC08_119038_20160218,2016-02-18,119.0,38.0,LANDSAT_8,
2_LC08_119038_20160305,2016-03-05,119.0,38.0,LANDSAT_8,
2_LC08_119038_20160321,2016-03-21,119.0,38.0,LANDSAT_8,
1_2_LE07_119038_20160414,2016-04-14,119.0,38.0,LANDSAT_7,
2_LC08_119038_20160422,2016-04-22,119.0,38.0,LANDSAT_8,
1_2_LE07_119038_20160430,2016-04-30,119.0,38.0,LANDSAT_7,
1_2_LE07_119038_20160516,2016-05-16,119.0,38.0,LANDSAT_7,
2_LC08_119038_20160524,2016-05-24,119.0,38.0,LANDSAT_8,
1_2_LE07_119038_20160617,2016-06-17,119.0,38.0,LANDSAT_7,
1_2_LE07_119038_20160719,2016-07-19,119.0,38.0,LANDSAT_7,
2_LC08_119038_20160727,2016-07-27,119.0,38.0,LANDSAT_8,
2_LC08_119038_20160812,2016-08-12,119.0,38.0,LANDSAT_8,
1_2_LE07_119038_20160820,2016-08-20,119.0,38.0,LANDSAT_7,
2_LC08_119038_20160828,2016-08-28,119.0,38.0,LANDSAT_8,
1_2_LE07_119038_20160905,2016-09-05,119.0,38.0,LANDSAT_7,
2_LC08_119038_20160913,2016-09-13,119.0,38.0,LANDSAT_8,
2_LC08_119038_20161116,2016-11-16,119.0,38.0,LANDSAT_8,
1_2_LE07_119038_20161124,2016-11-24,119.0,38.0,LANDSAT_7,
2_LC08_119038_20161202,2016-12-02,119.0,38.0,LANDSAT_8,
1_2_LE07_118038_20161203,2016-12-03,118.0,38.0,LANDSAT_7,
1_2_LE07_119038_20161210,2016-12-10,119.0,38.0,LANDSAT_7,
2_LC08_119038_20161218,2016-12-18,119.0,38.0,LANDSAT_8,
1_2_LE07_118038_20161219,2016-12-19,118.0,38.0,LANDSAT_7,
2_LC08_119038_20170103,2017-01-03,119.0,38.0,LANDSAT_8,
1_2_LE07_119038_20170111,2017-01-11,119.0,38.0,LANDSAT_7,
1_2_LE07_119038_20170212,2017-02-12,119.0,38.0,LANDSAT_7,
1_2_LE07_119038_20170228,2017-02-28,119.0,38.0,LANDSAT_7,
2_LC08_119038_20170308,2017-03-08,119.0,38.0,LANDSAT_8,
2_LC08_119038_20170324,2017-03-24,119.0,38.0,LANDSAT_8,
1_2_LE07_119038_20170401,2017-04-01,119.0,38.0,LANDSAT_7,
2_LC08_119038_20170425,2017-04-25,119.0,38.0,LANDSAT_8,
2_LC08_119038_20170511,2017-05-11,119.0,38.0,LANDSAT_8,
1_2_LE07_119038_20170519,2017-05-19,119.0,38.0,LANDSAT_7,
2_LC08_119038_20170527,2017-05-27,119.0,38.0,LANDSAT_8,
1_2_LE07_119038_20170604,2017-06-04,119.0,38.0,LANDSAT_7,
2_LC08_119038_20170628,2017-06-28,119.0,38.0,LANDSAT_8,
2_LC08_119038_20170714,2017-07-14,119.0,38.0,LANDSAT_8,
1_2_LE07_118038_20170715,2017-07-15,118.0,38.0,LANDSAT_7,
1_2_LE07_119038_20170722,2017-07-22,119.0,38.0,LANDSAT_7,
2_LC08_119038_20170730,2017-07-30,119.0,38.0,LANDSAT_8,
1_2_LE07_119038_20170807,2017-08-07,119.0,38.0,LANDSAT_7,
2_LC08_119038_20170815,2017-08-15,119.0,38.0,LANDSAT_8,
1_2_LE07_119038_20170823,2017-08-23,119.0,38.0,LANDSAT_7,
2_LC08_119038_20170916,2017-09-16,119.0,38.0,LANDSAT_8,
1_2_LE07_119038_20171010,2017-10-10,119.0,38.0,LANDSAT_7,
2_LC08_119038_20171103,2017-11-03,119.0,38.0,LANDSAT_8,
1_2_LE07_119038_20171111,2017-11-11,119.0,38.0,LANDSAT_7,
1_2_LE07_119038_20171127,2017-11-27,119.0,38.0,LANDSAT_7,
2_LC08_119038_20171205,2017-12-05,119.0,38.0,LANDSAT_8,
1_2_LE07_118038_20171206,2017-12-06,118.0,38.0,LANDSAT_7,
1_2_LE07_119038_20171213,2017-12-13,119.0,38.0,LANDSAT_7,
2_LC08_119038_20171221,2017-12-21,119.0,38.0,LANDSAT_8,
1_2_LE07_118038_20171222,2017-12-22,118.0,38.0,LANDSAT_7,
